name,email,address,zipcode
Angy Puddicombe,apuddicombe0@nytimes.com,32688 Harper Hill,20337
Pietro Chung,pchung1@gravatar.com,6 Westridge Way,31205
Mela Bachman,mbachman2@weebly.com,1 Esker Park,95194
Hurleigh Loyndon,hloyndon3@reverbnation.com,3 Holy Cross Place,20436
Zorah Prickett,zprickett4@thetimes.co.uk,7834 Everett Parkway,89115
Dorothee Garbott,dgarbott5@wufoo.com,769 Jay Lane,93773
Kipp Treamayne,ktreamayne6@jalbum.net,066 Summer Ridge Road,87592
Gilberta Wetton,gwetton7@loc.gov,95241 8th Court,95210
Ari Kenright,akenright8@loc.gov,69 Lunder Road,43210
Jillie Muckeen,jmuckeen9@bloomberg.com,7 Debra Parkway,72118
Andrus Quinevan,aquinevana@cyberchimps.com,72 Mitchell Drive,06183
Bernette Mussard,bmussardb@altervista.org,9604 Acker Park,02162
Laurens Shearsby,lshearsbyc@furl.net,06 Nelson Trail,74116
Krystalle Smitton,ksmittond@scribd.com,524 Oneill Road,20189
Margie Bondar,mbondare@addtoany.com,529 High Crossing Way,11499
Odele Knifton,okniftonf@senate.gov,95186 Express Road,32627
Christan Remer,cremerg@washingtonpost.com,57379 Declaration Parkway,74116
Hobard Graeser,hgraeserh@pagesperso-orange.fr,03669 Golf Course Park,79977
Bancroft Wardel,bwardeli@dell.com,69 Ruskin Pass,78726
Bobinette McCullough,bmcculloughj@patch.com,4 Autumn Leaf Alley,74103
Arny Winscum,awinscumk@examiner.com,8944 Lighthouse Bay Parkway,39216
Perice Fairbanks,pfairbanksl@cdbaby.com,6 Acker Junction,33499
Harp Arthan,harthanm@furl.net,4588 Milwaukee Way,20238
Nap Mandell,nmandelln@mtv.com,7 Hagan Way,43231
Willey Ciobutaru,wciobutaruo@rediff.com,37160 Petterle Parkway,17622
Dolly Flacknell,dflacknellp@ocn.ne.jp,4028 Laurel Hill,40225
Kirbie Manuele,kmanueleq@geocities.com,26309 Bartillon Way,78410
Estevan Tolomei,etolomeir@go.com,54387 Talmadge Park,97296
Sayers Wike,swikes@prlog.org,0 Mandrake Point,95833
Misty Carslake,mcarslaket@auda.org.au,3554 Spohn Park,57105
